<?xml version="1.0" encoding="utf-8"?>
<resources>
    <string name="app_name">Bitcoin Wallet</string>
    <string name="app_name_short">Bitcoin</string>

    <string-array name="preferences_block_explorer_values">
        <item>https://www.blockchain.com/btc/</item>
        <item>https://live.blockcypher.com/btc/</item>
        <item>https://coin.cz/btc/</item>
    </string-array>
    <string-array name="preferences_block_explorer_labels">
        <item>blockchain.info</item>
        <item>live.blockcypher.com</item>
        <item>coin.cz</item>
    </string-array>
</resources>
